{
  "GARCH": {
    "params": [
      0.08176936604738051,
      0.008954714115935338,
      0.9732826662556838
    ],
    "h0": 4.603859592356164,
    "model": "garch"
  },
  "GJR-GARCH": {
    "params": [
      0.08176585082844412,
      0.008956593008160414,
      1e-08,
      0.9732814852991951
    ],
    "h0": 4.603859592356164,
    "model": "gjr"
  },
  "EGARCH": {
    "params": [
      0.03635676312983262,
      0.018996540504414114,
      0.015467766966222027,
      0.9763477969994561
    ],
    "h0": 4.603859592356164,
    "model": "egarch"
  }
}