{
  "beta": [
    -4.028630249050126,
    0.007761618167740736,
    0.12401106026832656,
    0.5278359695110332
  ],
  "sigma": 2.146734815507531
}