{
  "density_metrics": {
    "HAR-style Gaussian": {
      "NLL": 2.2298470427368446,
      "CRPS": 1.2520130480668228,
      "RMSE_y": 2.245284531258992,
      "MAE_y": 1.7639669950776846,
      "Cov90": 0.8947368421052632,
      "IS90": 9.691472687988105,
      "QLIKE": 1.7374512885663338
    },
    "GARCH": {
      "NLL": 2.229679059251554,
      "CRPS": 1.2521385246996062,
      "RMSE_y": 2.245284531258992,
      "MAE_y": 1.7639669950776846,
      "Cov90": 0.8985879332477535,
      "IS90": 9.723356880273496,
      "QLIKE": 1.7632037901867401
    },
    "GJR-GARCH": {
      "NLL": 2.2296793220370152,
      "CRPS": 1.2521385943610106,
      "RMSE_y": 2.245284531258992,
      "MAE_y": 1.7639669950776846,
      "Cov90": 0.8985879332477535,
      "IS90": 9.723364713508323,
      "QLIKE": 1.7632067472127753
    },
    "EGARCH": {
      "NLL": 2.2290241064907734,
      "CRPS": 1.2523993845339791,
      "RMSE_y": 2.245284531258992,
      "MAE_y": 1.7639669950776846,
      "Cov90": 0.9017971758664955,
      "IS90": 9.734753788762996,
      "QLIKE": 1.8057143773042958
    }
  },
  "quantile_metrics": {
    "Cov90": 0.8658536585365854,
    "IS90": 9.47001437995122,
    "RMSE_0.50": 2.2526495050197695,
    "Pinball_0.05": 0.2945122343923479,
    "Pinball_0.50": 0.8544967560012718,
    "Pinball_0.95": 0.17898848460521322
  }
}