{
  "univariate_metrics": {
    "NLL": 2.2428650856018066,
    "CRPS": 1.2681215501921541,
    "RMSE_y": 2.2650868892669678,
    "MAE_y": 1.7877856492996216,
    "Cov90": 0.8985879332477535,
    "IS90": 9.806526071150804,
    "QLIKE": 1.8501640558242798
  },
  "ensemble_metrics": {
    "NLL": 2.2433934211730957,
    "CRPS": 1.2645699268723074,
    "RMSE_y": 2.2607855796813965,
    "MAE_y": 1.774390459060669,
    "Cov90": 0.9069319640564827,
    "IS90": 9.862283209222976,
    "QLIKE": 1.9207414388656616
  },
  "univariate_best_epoch": 11,
  "univariate_best_val_std_nll": 1.3966655731201172,
  "ensemble_members": [
    {
      "seed": 11,
      "best_val_std_nll": 1.402926504611969,
      "best_epoch": 11
    },
    {
      "seed": 17,
      "best_val_std_nll": 1.402543544769287,
      "best_epoch": 12
    },
    {
      "seed": 23,
      "best_val_std_nll": 1.4076793789863586,
      "best_epoch": 6
    }
  ]
}