Model,NLL,CRPS,RMSE_y,MAE_y,Cov90,IS90,QLIKE
HAR-style Gaussian,2.2298470427368446,1.2520130480668228,2.245284531258992,1.7639669950776846,0.8947368421052632,9.691472687988105,1.7374512885663338
GARCH,2.229679059251554,1.2521385246996062,2.245284531258992,1.7639669950776846,0.8985879332477535,9.723356880273496,1.7632037901867401
GJR-GARCH,2.2296793220370152,1.2521385943610106,2.245284531258992,1.7639669950776846,0.8985879332477535,9.723364713508323,1.7632067472127753
EGARCH,2.2290241064907734,1.2523993845339791,2.245284531258992,1.7639669950776846,0.9017971758664955,9.734753788762996,1.8057143773042958
Transformer (univariate),2.2428650856018066,1.2681215501921541,2.2650868892669678,1.7877856492996216,0.8985879332477535,9.806526071150804,1.8501640558242798
Transformer ensemble,2.2433934211730957,1.2645699268723074,2.2607855796813965,1.774390459060669,0.9069319640564827,9.862283209222976,1.9207414388656616
