,Mexico,Brazil,Canada,Euro,South Africa,Japan,South Korea,China
Mexico,0.08143530754498156,0.0442953002777504,0.024557783990636572,0.029847549535725333,0.009397645753144869,-0.01403011796400538,0.09095446700741423,0.019176949536333074
Brazil,0.04182834462795838,0.1592871651418807,0.018072945530199447,0.02020670006769479,-0.011967290151508238,0.02741207049064333,0.06596280012792058,0.002156410555257504
Canada,0.02286900365423286,0.03222430073115888,0.08263634315201245,-0.0029993261835184106,0.004017588069189075,0.0004799002823973129,0.0633151422207295,0.005783207433436438
Euro,0.016045218759320978,0.036854161413598784,0.03375469534194636,0.0015590076238101874,0.00985523350741922,0.0013637083289207734,0.05769588226500208,-0.0500150996105995
South Africa,0.020791528410417887,0.024921403903203573,0.04528864852319184,0.01481470011679608,0.03568249294387322,0.011750346156575352,0.05086167731271214,-0.018866026820854767
Japan,-0.0048364257096118295,0.015300682507091688,0.031583980479739454,0.007405018495249081,0.010871469527029358,0.03580207113523465,0.044646569865138014,-0.008169305462197834
South Korea,0.027439175857689763,0.07304381656453829,0.04878878374127293,0.025567050298348465,0.037497246629669606,0.018176474824917712,0.12664137174547327,0.04267901600380868
China,0.011442737388989488,0.025254876099288517,0.01669812371546207,0.003750943911871543,-0.021307119868516272,0.009877474247729764,0.010627910111242811,0.599980087377654
