metric,value
Cov90,0.8658536585365854
IS90,9.47001437995122
RMSE_0.50,2.2526495050197695
Pinball_0.05,0.2945122343923479
Pinball_0.50,0.8544967560012718
Pinball_0.95,0.17898848460521322
