,Cov90,IS90,RMSE_0.50,Pinball_0.05,Pinball_0.50,Pinball_0.95
Quantile-HAR,0.8658536585365854,9.47001437995122,2.2526495050197695,0.2945122343923479,0.8544967560012718,0.17898848460521322
