year,aleatoric_sd,epistemic_sd
2020,2.2613642,0.17008273
2021,2.178033,0.15097216
2022,2.2977414,0.18418272
2023,2.261373,0.1640046
2024,2.1810691,0.15652506
2025,2.1916773,0.12539427
2026,2.113027,0.12274411
